TEAD1,NPAS2,13.6932123025048,direct-net
TEAD1,SP100,13.5784415380632,direct-net
TEAD1,ESR1,12.0654208131731,direct-net
TEAD1,FOXO3,13.4185173004814,direct-net
TEAD1,RARB,12.9618366786034,direct-net
TEAD1,GRHL2,12.3401158151965,direct-net
TEAD1,TCF7L2,12.1926697513977,direct-net
TEAD1,EHF,12.5990243542366,direct-net
TEAD1,PRDM16,12.0654208131731,direct-net
TEAD1,TEAD1,13.8531365400866,direct-net
TEAD1,EGR1,12.0654208131731,direct-net
TEAD1,NFE2L2,12.3401158151965,direct-net
TEAD1,BACH2,13.4565524456867,direct-net
TEAD1,JUNB,12.7040246102392,direct-net
TEAD1,SMAD3,11.9774533298466,direct-net
TEAD1,PBX1,13.1217609161852,direct-net
TEAD1,CUX2,12.4673647534211,direct-net
TEAD1,LMX1B,13.1217609161852,direct-net
TEAD1,SIX1,12.039413889525,direct-net
TEAD1,SIX4,12.039413889525,direct-net
TEAD1,KMT2A,11.9824194947767,direct-net
TEAD1,AHR,13.6932123025048,direct-net
TEAD1,GLIS3,13.6932123025048,direct-net
TEAD1,CUX1,11.7647188875016,direct-net
TEAD1,NFIX,12.2571144968001,direct-net
TEAD1,NFIB,12.0654208131731,direct-net
TEAD1,HSF2,13.4185173004814,direct-net
TEAD1,HIF1A,11.8834351933185,direct-net
ETS1,RARB,12.8043717884398,direct-net
ETS1,GRHL2,12.8043717884398,direct-net
ETS1,NFE2L2,12.8043717884398,direct-net
ETS1,BACH2,12.4910273782048,direct-net
ETS1,JUN,14.4688212352742,direct-net
ETS1,JUNB,11.8795690553587,direct-net
ETS1,SMAD3,11.8795690553587,direct-net
ETS1,BACH1,14.4119500574623,direct-net
ETS1,EPAS1,11.8226978775468,direct-net
ETS1,NFIX,11.8795690553587,direct-net
ETS1,HSF2,12.4696406092632,direct-net
EGR1,NPAS2,11.5320904277785,direct-net
EGR1,STAT1,11.1706303180094,direct-net
EGR1,SP100,14.4075894524844,direct-net
EGR1,ESR1,11.8881108309323,direct-net
EGR1,FOXO3,13.801670739682,direct-net
EGR1,STAT2,11.0822379093691,direct-net
EGR1,RARB,17.6973326012103,direct-net
EGR1,GRHL2,11.1091037322438,direct-net
EGR1,RUNX1,11.9263248300359,direct-net
EGR1,EHF,11.0737573729611,direct-net
EGR1,PRDM16,13.8128527834218,direct-net
EGR1,TCF7L1,18.1326589852368,direct-net
EGR1,TEAD1,17.7501284003615,direct-net
EGR1,EGR1,11.0379243312897,direct-net
EGR1,NFE2L2,14.7535874481802,direct-net
EGR1,BACH2,17.6522381848872,direct-net
EGR1,JUN,12.5566193090599,direct-net
EGR1,FOSB,11.1748563828266,direct-net
EGR1,JUNB,15.4823261909848,direct-net
EGR1,SMAD3,12.8743302821484,direct-net
EGR1,PBX1,11.9887827209171,direct-net
EGR1,PROX1,11.0393903436422,direct-net
EGR1,CUX2,14.4096709654171,direct-net
EGR1,LMX1B,13.1256398411582,direct-net
EGR1,NFATC2,13.2536269888131,direct-net
EGR1,SIX1,14.1920817506329,direct-net
EGR1,SIX4,14.1920817506329,direct-net
EGR1,MEIS2,15.8800921743949,direct-net
EGR1,TBX15,14.7685368676912,direct-net
EGR1,KMT2A,14.4637137362251,direct-net
EGR1,EPAS1,15.1002849913841,direct-net
EGR1,CUX1,15.5361262945074,direct-net
EGR1,NFIX,11.6128964058359,direct-net
EGR1,NFIB,11.9929270821511,direct-net
EGR1,NFIA,13.8573530867758,direct-net
EGR1,PPARG,11.2625595235679,direct-net
EGR1,RORB,16.884648758071,direct-net
EGR1,LCOR,14.3019416950812,direct-net
EGR1,SOX6,12.8435592870693,direct-net
EGR1,TCF12,12.7728409121328,direct-net
EGR1,HSF2,17.6522381848872,direct-net
EGR1,PKNOX2,11.4891202912237,direct-net
EGR1,ASCL1,14.6218985264461,direct-net
PROX1,NPAS2,13.8127627202861,direct-net
PROX1,TCF7L2,12.3788455901401,direct-net
PROX1,EHF,10.0383876542327,direct-net
PROX1,PRDM16,10.1429330438574,direct-net
PROX1,TEAD1,11.9756284060136,direct-net
PROX1,JUNB,14.7963663791717,direct-net
PROX1,CUX2,9.7471273501099,direct-net
PROX1,NFKB1,9.75827253427984,direct-net
PROX1,NFIX,14.7963663791717,direct-net
PROX1,PPARG,9.82100228452431,direct-net
ZBTB18,NPAS2,12.835234985611,direct-net
ZBTB18,ESR1,10.9807071039372,direct-net
ZBTB18,STAT2,11.3754177244423,direct-net
ZBTB18,RARB,14.2460877302722,direct-net
ZBTB18,THRB,17.1565028360825,direct-net
ZBTB18,GRHL2,12.4434086204918,direct-net
ZBTB18,RUNX1,10.9482133033074,direct-net
ZBTB18,EHF,12.3495985956712,direct-net
ZBTB18,PRDM16,11.4641637966301,direct-net
ZBTB18,TCF7L1,17.1402129897128,direct-net
ZBTB18,TEAD1,12.4001414811286,direct-net
ZBTB18,FOS,15.0984121821533,direct-net
ZBTB18,NFE2L2,12.0095055311575,direct-net
ZBTB18,ETS1,10.4500800195214,direct-net
ZBTB18,PBX1,10.9592020983261,direct-net
ZBTB18,PROX1,11.0107939552691,direct-net
ZBTB18,CUX2,14.0731082669771,direct-net
ZBTB18,LMX1B,13.1970479435721,direct-net
ZBTB18,NFATC2,10.9019233117374,direct-net
ZBTB18,SIX1,12.8772093729729,direct-net
ZBTB18,MEIS2,11.1247782049436,direct-net
ZBTB18,AHR,12.147179954943,direct-net
ZBTB18,EPAS1,15.5094788307228,direct-net
ZBTB18,GLIS3,12.727814359617,direct-net
ZBTB18,CUX1,11.8712691814581,direct-net
ZBTB18,NFIB,14.1302019019343,direct-net
ZBTB18,NFIA,11.0083613570635,direct-net
ZBTB18,ASCL1,15.2478390053024,direct-net
ZBTB18,ZBTB20,10.4576800535367,direct-net
ZBTB18,PKNOX2,11.5368750696703,direct-net
ZBTB18,HIF1A,11.6232537543814,direct-net
ZBTB7A,NPAS2,13.2952362006117,direct-net
ZBTB7A,FOXO3,11.5216511514135,direct-net
ZBTB7A,RUNX1,13.3699319669689,direct-net
ZBTB7A,FOS,13.4344671701689,direct-net
ZBTB7A,BACH2,11.5853833651938,direct-net
ZBTB7A,JUNB,12.2465177323658,direct-net
ZBTB7A,CUX2,14.2276427569626,direct-net
ZBTB7A,LMX1B,11.4486391214503,direct-net
ZBTB7A,NFIX,12.2465177323658,direct-net
ZBTB7A,NFIB,12.0696824439328,direct-net
ZBTB7A,RORB,11.5378420131652,direct-net
CUX2,SP100,13.1762325259998,direct-net
CUX2,THRB,14.2520649787765,direct-net
CUX2,BACH2,13.1650655482715,direct-net
CUX2,SMAD3,14.0219389165355,direct-net
CUX2,PBX1,13.9485007025419,direct-net
CUX2,NFIB,13.0456560941938,direct-net
CUX2,HIF1A,13.1650655482715,direct-net
GLIS3,NPAS2,8.56672978269019,direct-net
GLIS3,SP100,6.20671821274668,direct-net
GLIS3,FOXO3,6.2491291382742,direct-net
GLIS3,EHF,7.80009547870292,direct-net
GLIS3,FOS,8.15767324313602,direct-net
GLIS3,NFE2L2,6.60107427900306,direct-net
GLIS3,BACH2,10.0565202526307,direct-net
GLIS3,JUNB,10.5388215523996,direct-net
GLIS3,SMAD3,9.62261226189332,direct-net
GLIS3,CUX2,6.10057286106721,direct-net
GLIS3,KMT2A,6.32964563182843,direct-net
GLIS3,AHR,8.85975519426084,direct-net
GLIS3,GLIS3,7.43473359820549,direct-net
GLIS3,CUX1,6.22614694947045,direct-net
GLIS3,NFIX,10.5388215523996,direct-net
GLIS3,NFIB,6.53042897653153,direct-net
MEIS2,NPAS2,11.8397559537503,direct-net
MEIS2,STAT1,11.7025651353512,direct-net
MEIS2,STAT2,13.4359332725368,direct-net
MEIS2,GRHL2,13.5731240909359,direct-net
MEIS2,RUNX1,13.4359332725368,direct-net
MEIS2,EHF,11.7025651353512,direct-net
MEIS2,EGR1,13.4359332725368,direct-net
MEIS2,NFE2L2,13.4359332725368,direct-net
MEIS2,BACH2,11.7025651353512,direct-net
MEIS2,JUN,13.5731240909359,direct-net
MEIS2,FOSB,11.7025651353512,direct-net
MEIS2,SMAD3,11.7025651353512,direct-net
MEIS2,PBX1,11.8397559537503,direct-net
MEIS2,PROX1,11.8397559537503,direct-net
MEIS2,CUX2,13.5731240909359,direct-net
MEIS2,LMX1B,11.8397559537503,direct-net
MEIS2,NFATC2,11.7025651353512,direct-net
MEIS2,SIX1,13.4359332725368,direct-net
MEIS2,SIX4,13.4359332725368,direct-net
MEIS2,TBX15,11.7025651353512,direct-net
MEIS2,AHR,11.7025651353512,direct-net
MEIS2,CUX1,13.5731240909359,direct-net
MEIS2,NFIB,11.8397559537503,direct-net
MEIS2,NFIA,13.5731240909359,direct-net
MEIS2,RORB,13.4359332725368,direct-net
MEIS2,TCF12,11.8397559537503,direct-net
MEIS2,BBX,11.8397559537503,direct-net
MEIS2,HIF1A,11.8397559537503,direct-net
RORA,NPAS2,13.5387837454758,direct-net
RORA,SP100,12.923398153282,direct-net
RORA,FOXO3,12.96608618031,direct-net
RORA,GRHL2,14.1697386746741,direct-net
RORA,RUNX1,15.0777907897324,direct-net
RORA,PRDM16,14.7371038179516,direct-net
RORA,TCF7L1,12.88016756742,direct-net
RORA,SOX5,12.4841670079396,direct-net
RORA,FOS,12.5394805956392,direct-net
RORA,EGR1,15.8086313385359,direct-net
RORA,NFE2L2,12.88016756742,direct-net
RORA,BACH2,13.3753083399497,direct-net
RORA,JUN,12.3047634957195,direct-net
RORA,JUNB,13.1704355248375,direct-net
RORA,ETS1,13.2220173557042,direct-net
RORA,SMAD3,12.923398153282,direct-net
RORA,CUX2,14.1061488887532,direct-net
RORA,LMX1B,14.2419630454219,direct-net
RORA,SIX1,12.3047634957195,direct-net
RORA,SIX4,12.3047634957195,direct-net
RORA,KMT2A,12.5910624265058,direct-net
RORA,AHR,13.3219029753093,direct-net
RORA,EPAS1,13.3922191229979,direct-net
RORA,CUX1,14.7371038179516,direct-net
RORA,NFIX,13.3922191229979,direct-net
RORA,NFIB,12.3074700022542,direct-net
RORA,NFIA,15.1776764093376,direct-net
RORA,PPARG,14.7371038179516,direct-net
RORA,LCOR,13.2220173557042,direct-net
RORA,ZBTB20,12.5910624265058,direct-net
RORA,ZEB1,12.88016756742,direct-net
RORA,NR3C2,13.8290517028933,direct-net
RORA,HSF2,15.0777907897324,direct-net
JUN,NPAS2,11.1329091926146,direct-net
JUN,STAT1,17.1697834602589,direct-net
JUN,ESR1,14.5851741488193,direct-net
JUN,FOXO3,14.6461411782251,direct-net
JUN,GRHL2,12.3550229572554,direct-net
JUN,EHF,12.2966568315004,direct-net
JUN,PRDM16,12.4990779373645,direct-net
JUN,TCF7L1,13.4809433125457,direct-net
JUN,SOX5,12.5775894029066,direct-net
JUN,TEAD1,11.2502431227209,direct-net
JUN,FOS,11.571475231616,direct-net
JUN,EGR1,11.5731119766283,direct-net
JUN,BACH2,13.4103822311072,direct-net
JUN,SMAD3,13.0249133331247,direct-net
JUN,PBX1,11.4419098753153,direct-net
JUN,PROX1,11.2130612174036,direct-net
JUN,CUX2,13.2620485507491,direct-net
JUN,LMX1B,11.9501194245157,direct-net
JUN,NFATC2,14.1490059913523,direct-net
JUN,AHR,11.1577377023413,direct-net
JUN,BACH1,13.607749978643,direct-net
JUN,EPAS1,16.7894465341956,direct-net
JUN,CUX1,11.9302843970114,direct-net
JUN,NFIB,16.5010699699976,direct-net
JUN,PPARG,12.8340245125,direct-net
JUN,ASCL1,11.9786647277073,direct-net
JUN,LCOR,12.9841431715921,direct-net
JUN,TCF12,14.0561613367191,direct-net
JUN,ZBTB20,14.5527334173503,direct-net
JUN,HSF2,13.6880673503741,direct-net
JUN,HIF1A,15.498711497807,direct-net
JUN,RARB,12.496926292543,direct-net
LMX1B,NPAS2,11.0019601393254,direct-net
LMX1B,RUNX1,11.4922604533677,direct-net
LMX1B,FOS,11.0019601393254,direct-net
LMX1B,KMT2A,11.4922604533677,direct-net
LMX1B,AHR,11.0019601393254,direct-net
LMX1B,BACH1,11.4922604533677,direct-net
LMX1B,LCOR,11.4922604533677,direct-net
NFATC2,NPAS2,12.5563108191374,direct-net
NFATC2,STAT1,12.5563108191374,direct-net
NFATC2,SP100,12.5563108191374,direct-net
NFATC2,STAT2,12.5563108191374,direct-net
NFATC2,RARB,12.5563108191374,direct-net
NFATC2,THRB,12.5563108191374,direct-net
NFATC2,GRHL2,12.5563108191374,direct-net
NFATC2,RUNX1,12.5563108191374,direct-net
NFATC2,EHF,12.5563108191374,direct-net
NFATC2,TCF7L1,12.5563108191374,direct-net
NFATC2,TEAD1,12.5563108191374,direct-net
NFATC2,FOS,12.5563108191374,direct-net
NFATC2,EGR1,12.5563108191374,direct-net
NFATC2,NFE2L2,12.5563108191374,direct-net
NFATC2,BACH2,12.5563108191374,direct-net
NFATC2,JUN,12.5563108191374,direct-net
NFATC2,JUNB,12.5563108191374,direct-net
NFATC2,ETS1,12.5563108191374,direct-net
NFATC2,PROX1,12.5563108191374,direct-net
NFATC2,LMX1B,12.5563108191374,direct-net
NFATC2,NFATC2,12.5563108191374,direct-net
NFATC2,SIX1,12.5563108191374,direct-net
NFATC2,SIX4,12.5563108191374,direct-net
NFATC2,TBX15,12.5563108191374,direct-net
NFATC2,KMT2A,12.5563108191374,direct-net
NFATC2,AHR,12.5563108191374,direct-net
NFATC2,EPAS1,12.5563108191374,direct-net
NFATC2,GLIS3,12.5563108191374,direct-net
NFATC2,NFIX,12.5563108191374,direct-net
NFATC2,NFIB,12.5563108191374,direct-net
NFATC2,NFIA,12.5563108191374,direct-net
NFATC2,PPARG,12.5563108191374,direct-net
NFATC2,ASCL1,12.5563108191374,direct-net
NFATC2,RORB,12.5563108191374,direct-net
NFATC2,LCOR,12.5563108191374,direct-net
NFATC2,SOX6,12.5563108191374,direct-net
NFATC2,TCF12,12.5563108191374,direct-net
NFATC2,ZBTB20,12.5563108191374,direct-net
NFATC2,BBX,12.5563108191374,direct-net
HSF2,FOXO3,10.0813610285742,direct-net
HSF2,RARB,13.4917682909232,direct-net
HSF2,RUNX1,14.5761380197962,direct-net
HSF2,EHF,13.9407277787582,direct-net
HSF2,FOS,18.0509552256183,direct-net
HSF2,NFE2L2,13.5437966793467,direct-net
HSF2,FOSB,12.4147368729987,direct-net
HSF2,SMAD3,10.1874082821094,direct-net
HSF2,PBX1,12.2733316898524,direct-net
HSF2,TBX15,10.690236654799,direct-net
HSF2,KMT2A,10.6933504678621,direct-net
HSF2,GLIS3,11.4878398138625,direct-net
HSF2,CUX1,13.2648497829017,direct-net
HSF2,NFIX,13.7599108571224,direct-net
HSF2,NFIB,10.5137583455834,direct-net
HSF2,ASCL1,9.94924324736342,direct-net
HSF2,RORB,12.0652278095739,direct-net
HSF2,TCF12,11.0589054388107,direct-net
HSF2,PKNOX2,16.6717885538643,direct-net
NR3C2,FOXO3,11.0356970278377,direct-net
NR3C2,RARB,7.60267676067268,direct-net
NR3C2,GRHL2,6.57823986467576,direct-net
NR3C2,EHF,14.3156297667614,direct-net
NR3C2,JUN,7.98818392720398,direct-net
NR3C2,NFATC2,11.4659690203627,direct-net
NR3C2,EPAS1,6.99140947315041,direct-net
NR3C2,GLIS3,9.58147778216106,direct-net
NR3C2,NFIX,10.208477173686,direct-net
NR3C2,HIF1A,10.780944958273,direct-net
SOX9,SP100,12.9939896816524,direct-net
SOX9,FOXO3,12.8020002596921,direct-net
SOX9,EHF,11.426203457579,direct-net
SOX9,TEAD1,11.4060571311915,direct-net
SOX9,BACH2,12.8020002596921,direct-net
SOX9,LMX1B,11.717778535632,direct-net
SOX9,TBX15,13.8691664469319,direct-net
SOX9,EPAS1,11.426203457579,direct-net
SOX9,NFIB,13.8691664469319,direct-net
SOX9,ASCL1,11.7254408511821,direct-net
SOX9,ZBTB20,11.426203457579,direct-net
SOX9,BBX,11.4060571311915,direct-net
REST,STAT1,11.490973973724,direct-net
REST,SP100,6.7759161871317,direct-net
REST,FOXO3,7.61141091909481,direct-net
REST,STAT2,6.91841566158927,direct-net
REST,RARB,10.1372960806609,direct-net
REST,RUNX1,8.18366714563815,direct-net
REST,EHF,6.65540728616633,direct-net
REST,TEAD1,11.4411637920654,direct-net
REST,FOS,10.9600292606718,direct-net
REST,EGR1,7.75271481665206,direct-net
REST,NFE2L2,11.4767610974128,direct-net
REST,JUNB,9.46027528771494,direct-net
REST,SMAD3,8.76542697871388,direct-net
REST,CUX2,7.77819378106522,direct-net
REST,NFATC2,6.51516293731043,direct-net
REST,MEIS2,11.1891922319672,direct-net
REST,TBX15,7.30387196936194,direct-net
REST,KMT2A,11.1179087040083,direct-net
REST,AHR,15.9647147946778,direct-net
REST,BACH1,9.76959031651047,direct-net
REST,EPAS1,9.12630610362705,direct-net
REST,GLIS3,10.6067751243637,direct-net
REST,CUX1,12.612137411986,direct-net
REST,NFIX,9.46027528771494,direct-net
REST,NFIB,6.6687164171843,direct-net
REST,NFIA,8.11679026945573,direct-net
REST,LCOR,8.49888959217051,direct-net
REST,SOX6,6.62829441393015,direct-net
REST,PKNOX2,6.96947306026629,direct-net
REST,PRDM16,7.37877465619088,direct-net
NFIX,STAT1,10.5755510972025,direct-net
NFIX,SP100,10.5372246079903,direct-net
NFIX,ESR1,10.4741223758943,direct-net
NFIX,FOXO3,10.6386533292984,direct-net
NFIX,RARB,10.5242174494023,direct-net
NFIX,THRB,10.6629244723268,direct-net
NFIX,GRHL2,10.5242174494023,direct-net
NFIX,TCF7L2,10.5242174494023,direct-net
NFIX,EHF,10.5755510972025,direct-net
NFIX,EGR1,10.6256461707104,direct-net
NFIX,BACH2,10.6629244723268,direct-net
NFIX,ETS1,10.5755510972025,direct-net
NFIX,SMAD3,10.6256461707104,direct-net
NFIX,PBX1,10.6759316309148,direct-net
NFIX,PROX1,10.6550643459123,direct-net
NFIX,SIX1,10.5755510972025,direct-net
NFIX,SIX4,10.5755510972025,direct-net
NFIX,TBX15,10.6629244723268,direct-net
NFIX,KMT2A,10.4741223758943,direct-net
NFIX,CUX1,10.5372246079903,direct-net
NFIX,NFIB,10.6550643459123,direct-net
NFIX,NFIA,10.5372246079903,direct-net
NFIX,LCOR,10.7181665780082,direct-net
NFIX,ZEB1,10.6759316309148,direct-net
NFIX,HIF1A,10.5372246079903,direct-net
JUND,STAT1,12.9915311113829,direct-net
JUND,SP100,12.0883436157005,direct-net
JUND,ESR1,14.5867787698082,direct-net
JUND,FOXO3,12.6473149449121,direct-net
JUND,GRHL2,11.6899644507909,direct-net
JUND,EHF,16.3984823413975,direct-net
JUND,TCF7L1,14.1780944954578,direct-net
JUND,TEAD1,13.4506603191919,direct-net
JUND,EGR1,16.9012564373902,direct-net
JUND,NFE2L2,12.0108828044246,direct-net
JUND,BACH2,15.5011817317529,direct-net
JUND,ETS1,14.1780944954578,direct-net
JUND,PBX1,12.9915311113829,direct-net
JUND,CUX2,15.7875616192567,direct-net
JUND,LMX1B,12.8530365390393,direct-net
JUND,NFATC2,13.4017027588101,direct-net
JUND,KMT2A,12.9899306985959,direct-net
JUND,AHR,14.2456052354097,direct-net
JUND,EPAS1,14.1291369350761,direct-net
JUND,GLIS3,14.9309949362789,direct-net
JUND,NFKB1,16.3564378660008,direct-net
JUND,CUX1,11.6335008811423,direct-net
JUND,NFIB,12.7965729693907,direct-net
JUND,NFIA,13.4017027588101,direct-net
JUND,PPARG,14.9730394116756,direct-net
JUND,ASCL1,11.7240794138654,direct-net
JUND,RORB,13.6714727510837,direct-net
JUND,LCOR,11.6899644507909,direct-net
JUND,TCF12,16.6027389117081,direct-net
JUND,ZBTB20,12.8455305297724,direct-net
JUND,HSF2,11.9198807686462,direct-net
JUND,BBX,16.3984823413975,direct-net
NFKB1,ESR1,5.22478145291294,direct-net
NFKB1,THRB,16.3486352040263,direct-net
NFKB1,EHF,9.55967433742998,direct-net
NFKB1,PRDM16,5.06173670297198,direct-net
NFKB1,FOS,8.00777361644493,direct-net
NFKB1,EGR1,5.57122551570932,direct-net
NFKB1,NFE2L2,4.88632329120016,direct-net
NFKB1,FOSB,6.62268119397236,direct-net
NFKB1,JUNB,4.77017965164142,direct-net
NFKB1,ETS1,4.99528332658279,direct-net
NFKB1,EPAS1,7.83696323984315,direct-net
NFKB1,NFIX,18.3011699250292,direct-net
NFKB1,RORB,8.73377678932813,direct-net
TCF7L2,STAT1,13.5863854846317,direct-net
TCF7L2,FOXO3,13.0093311103214,direct-net
TCF7L2,RARB,17.1588882217412,direct-net
TCF7L2,THRB,12.4194010101469,direct-net
TCF7L2,GRHL2,12.3149573359585,direct-net
TCF7L2,RUNX1,13.5272703777949,direct-net
TCF7L2,EHF,13.7415683698901,direct-net
TCF7L2,TCF7L1,14.720189847906,direct-net
TCF7L2,TEAD1,14.4952877598705,direct-net
TCF7L2,CREB1,14.0268235641019,direct-net
TCF7L2,BACH2,13.6682345053266,direct-net
TCF7L2,JUN,15.2011262408871,direct-net
TCF7L2,ETS1,17.8280666091395,direct-net
TCF7L2,PROX1,12.2592127964327,direct-net
TCF7L2,LMX1B,12.7648976979471,direct-net
TCF7L2,SIX1,12.4966191534157,direct-net
TCF7L2,SIX4,12.4966191534157,direct-net
TCF7L2,MEIS2,12.4673727370754,direct-net
TCF7L2,AHR,11.9346712800743,direct-net
TCF7L2,BACH1,12.8976304530263,direct-net
TCF7L2,GLIS3,12.9399908842363,direct-net
TCF7L2,CUX1,16.5659689815104,direct-net
TCF7L2,NFIX,12.1399880743781,direct-net
TCF7L2,NFIB,14.5903290061628,direct-net
TCF7L2,NFIA,13.0038374345307,direct-net
TCF7L2,ZBTB20,13.8027840188254,direct-net
TCF7L2,HSF2,12.5406863911963,direct-net
TCF7L2,PKNOX2,13.6647985083727,direct-net
TCF7L2,HIF1A,12.4718072441236,direct-net
FOS,STAT1,13.3096990061949,direct-net
FOS,ESR1,15.614929531934,direct-net
FOS,GRHL2,13.6119615843481,direct-net
FOS,RUNX1,12.5281889825691,direct-net
FOS,EHF,14.9359992555051,direct-net
FOS,TCF7L1,13.3726343888189,direct-net
FOS,TEAD1,13.7301509814176,direct-net
FOS,FOS,12.1706723899704,direct-net
FOS,EGR1,15.4644883504554,direct-net
FOS,NFE2L2,14.4379788307709,direct-net
FOS,BACH2,15.5069049362817,direct-net
FOS,ETS1,13.3726343888189,direct-net
FOS,PBX1,13.3096990061949,direct-net
FOS,CUX2,15.3203483219594,direct-net
FOS,LMX1B,14.3750434481469,direct-net
FOS,NFATC2,13.4313360354218,direct-net
FOS,KMT2A,12.6005843623183,direct-net
FOS,AHR,15.0440363752328,direct-net
FOS,EPAS1,13.7888526280205,direct-net
FOS,GLIS3,15.2004086221074,direct-net
FOS,NFKB1,14.7348549097811,direct-net
FOS,CUX1,13.1085546604709,direct-net
FOS,NFIB,12.977252060594,direct-net
FOS,NFIA,13.4313360354218,direct-net
FOS,PPARG,15.4015529678314,direct-net
FOS,ASCL1,13.1663149116518,direct-net
FOS,RORB,14.4302974625923,direct-net
FOS,LCOR,13.6119615843481,direct-net
FOS,TCF12,15.6451138993817,direct-net
FOS,ZBTB20,15.086452961059,direct-net
FOS,HSF2,13.9081805707048,direct-net
FOS,BBX,15.0673018553819,direct-net
FOS,HIF1A,12.0247820586918,direct-net
EHF,STAT1,15.16261946434,direct-net
EHF,FOXO3,12.95129719102,direct-net
EHF,RARB,12.2485658328236,direct-net
EHF,RUNX1,11.7720994902228,direct-net
EHF,PRDM16,12.2522380868772,direct-net
EHF,SOX5,11.2973733015732,direct-net
EHF,EGR1,11.2044834856946,direct-net
EHF,JUN,14.0257019700991,direct-net
EHF,PBX1,11.6202044518634,direct-net
EHF,CUX2,10.8238694851279,direct-net
EHF,MEIS2,14.0363363977123,direct-net
EHF,AHR,12.0930654653472,direct-net
EHF,BACH1,12.7201163635543,direct-net
EHF,GLIS3,12.2767440666481,direct-net
EHF,NFIX,13.3329781762047,direct-net
EHF,NFIB,11.7095121980861,direct-net
EHF,ASCL1,11.7246157209629,direct-net
EHF,RORB,12.9884048165248,direct-net
EHF,LCOR,11.9575244059813,direct-net
EHF,ZBTB20,13.3329781762047,direct-net
SMAD3,ESR1,10.9670549701516,direct-net
SMAD3,GRHL2,13.7437073347566,direct-net
SMAD3,JUN,13.7437073347566,direct-net
SMAD3,PBX1,10.6679270469304,direct-net
SMAD3,NFATC2,13.7437073347566,direct-net
SMAD3,SIX1,17.9436297011298,direct-net
SMAD3,SIX4,17.9436297011298,direct-net
SMAD3,KMT2A,14.8678494133037,direct-net
SMAD3,GLIS3,10.5788947096757,direct-net
SMAD3,NFIB,16.3525393444701,direct-net
ESR1,FOXO3,7.77122806238253,direct-net
ESR1,STAT2,3.34074127120744,direct-net
ESR1,THRB,13.6168363447575,direct-net
ESR1,GRHL2,5.88081604068462,direct-net
ESR1,EHF,6.05236646963692,direct-net
ESR1,PRDM16,7.1695133942231,direct-net
ESR1,TCF7L1,9.02661641110562,direct-net
ESR1,EGR1,3.44777266131295,direct-net
ESR1,NFE2L2,16.7157248821429,direct-net
ESR1,CUX2,5.27429071800035,direct-net
ESR1,NFATC2,4.87612435018786,direct-net
ESR1,TBX15,5.43397756144887,direct-net
ESR1,KMT2A,13.7912252170833,direct-net
ESR1,AHR,3.8613335463842,direct-net
ESR1,EPAS1,4.99168856014229,direct-net
ESR1,NFKB1,3.10998032279788,direct-net
ESR1,CUX1,6.56713176771581,direct-net
ESR1,NFIX,4.10255519251597,direct-net
ESR1,NFIB,3.03135330311322,direct-net
ESR1,NFIA,9.54087810783553,direct-net
ESR1,LCOR,4.10544371210954,direct-net
ESR1,HIF1A,12.7368203176205,direct-net
ESR1,SMAD3,2.90545821355699,direct-net
ZEB1,STAT1,15.0623274952851,direct-net
ZEB1,STAT2,13.9459752588178,direct-net
ZEB1,RARB,14.3656186999483,direct-net
ZEB1,GRHL2,13.9459752588178,direct-net
ZEB1,RUNX1,13.8047490647768,direct-net
ZEB1,EHF,13.3244734093888,direct-net
ZEB1,PRDM16,15.0623274952851,direct-net
ZEB1,FOS,13.9459752588178,direct-net
ZEB1,NFE2L2,13.9459752588178,direct-net
ZEB1,BACH2,14.6426840541546,direct-net
ZEB1,JUN,12.7289912639043,direct-net
ZEB1,JUNB,15.0623274952851,direct-net
ZEB1,ETS1,12.7308455935472,direct-net
ZEB1,CUX2,14.6426840541546,direct-net
ZEB1,NFATC2,14.6426840541546,direct-net
ZEB1,SIX1,14.2243925059073,direct-net
ZEB1,SIX4,14.2243925059073,direct-net
ZEB1,MEIS2,12.3760028676245,direct-net
ZEB1,KMT2A,12.7289912639043,direct-net
ZEB1,BACH1,13.9459752588178,direct-net
ZEB1,EPAS1,12.9048299682583,direct-net
ZEB1,GLIS3,12.9048299682583,direct-net
ZEB1,CUX1,12.9048299682583,direct-net
ZEB1,NFIB,12.7289912639043,direct-net
ZEB1,PPARG,13.9459752588178,direct-net
ZEB1,LCOR,14.3656186999483,direct-net
ZEB1,TCF12,15.0623274952851,direct-net
ZEB1,ZBTB20,13.9459752588178,direct-net
ZEB1,PKNOX2,13.8047490647768,direct-net
ZEB1,NPAS2,13.3244734093888,direct-net
TBX15,GRHL2,11.2212562403914,direct-net
TBX15,RUNX1,11.2212562403914,direct-net
TBX15,TCF7L2,11.2212562403914,direct-net
TBX15,EHF,15.3009235729626,direct-net
TBX15,PRDM16,11.2212562403914,direct-net
TBX15,EGR1,11.2212562403914,direct-net
TBX15,BACH2,11.917945044064,direct-net
TBX15,JUN,11.2212562403914,direct-net
TBX15,FOSB,11.917945044064,direct-net
TBX15,JUNB,11.2212562403914,direct-net
TBX15,SMAD3,15.3009235729626,direct-net
TBX15,CUX2,11.2212562403914,direct-net
TBX15,LMX1B,15.3009235729626,direct-net
TBX15,KMT2A,11.2212562403914,direct-net
TBX15,EPAS1,15.3009235729626,direct-net
TBX15,GLIS3,15.3009235729626,direct-net
TBX15,CUX1,15.3009235729625,direct-net
TBX15,NFIB,11.2212562403914,direct-net
TBX15,NFIA,11.2212562403914,direct-net
TBX15,TCF12,15.3009235729626,direct-net
TBX15,NR3C2,11.917945044064,direct-net
RORB,NPAS2,13.5387837454758,direct-net
RORB,SP100,12.923398153282,direct-net
RORB,FOXO3,12.96608618031,direct-net
RORB,GRHL2,14.1697386746741,direct-net
RORB,RUNX1,15.0777907897324,direct-net
RORB,PRDM16,14.7371038179516,direct-net
RORB,TCF7L1,12.88016756742,direct-net
RORB,SOX5,12.4841670079396,direct-net
RORB,FOS,12.5394805956392,direct-net
RORB,EGR1,15.8086313385359,direct-net
RORB,NFE2L2,12.88016756742,direct-net
RORB,BACH2,13.3753083399497,direct-net
RORB,JUN,12.3047634957195,direct-net
RORB,JUNB,13.1704355248375,direct-net
RORB,ETS1,13.2220173557042,direct-net
RORB,SMAD3,12.923398153282,direct-net
RORB,CUX2,14.1061488887532,direct-net
RORB,LMX1B,14.2419630454219,direct-net
RORB,SIX1,12.3047634957195,direct-net
RORB,SIX4,12.3047634957195,direct-net
RORB,KMT2A,12.5910624265058,direct-net
RORB,AHR,13.3219029753093,direct-net
RORB,EPAS1,13.3922191229979,direct-net
RORB,CUX1,14.7371038179516,direct-net
RORB,NFIX,13.3922191229979,direct-net
RORB,NFIB,12.3074700022542,direct-net
RORB,NFIA,15.1776764093376,direct-net
RORB,PPARG,14.7371038179516,direct-net
RORB,LCOR,13.2220173557042,direct-net
RORB,ZBTB20,12.5910624265058,direct-net
RORB,ZEB1,12.88016756742,direct-net
RORB,NR3C2,13.8290517028933,direct-net
RORB,HSF2,15.0777907897324,direct-net
STAT1,STAT1,11.9902246576345,direct-net
STAT1,SP100,12.0678460717228,direct-net
STAT1,FOXO3,13.6424063303989,direct-net
STAT1,RARB,11.9738631789601,direct-net
STAT1,RUNX1,17.3008079151903,direct-net
STAT1,PRDM16,12.2352801246308,direct-net
STAT1,TEAD1,11.6046524111194,direct-net
STAT1,FOS,13.324971037041,direct-net
STAT1,EGR1,14.834694816827,direct-net
STAT1,NFE2L2,14.1706415044223,direct-net
STAT1,BACH2,11.6578139922373,direct-net
STAT1,FOSB,12.8626507018732,direct-net
STAT1,SMAD3,14.1706415044223,direct-net
STAT1,PBX1,11.6471000812938,direct-net
STAT1,PROX1,15.0186253808588,direct-net
STAT1,LMX1B,14.9092405409052,direct-net
STAT1,MEIS2,12.3869366175118,direct-net
STAT1,TBX15,11.3912285978642,direct-net
STAT1,KMT2A,14.6544393618628,direct-net
STAT1,AHR,12.177707226018,direct-net
STAT1,EPAS1,15.9115643271811,direct-net
STAT1,GLIS3,12.8971915272878,direct-net
STAT1,NFIX,13.3064436606501,direct-net
STAT1,NFIB,15.8304028364746,direct-net
STAT1,NFIA,12.3559429529402,direct-net
STAT1,PPARG,12.217208563621,direct-net
STAT1,ASCL1,16.4890304595745,direct-net
STAT1,LCOR,12.9889032675481,direct-net
STAT1,HSF2,16.043682949872,direct-net
STAT1,BBX,15.9115643271811,direct-net
STAT1,PKNOX2,11.6572325781517,direct-net
NFIA,NPAS2,12.8960871094709,direct-net
NFIA,STAT1,12.9865986366207,direct-net
NFIA,SP100,12.7604931743343,direct-net
NFIA,ESR1,12.9492647004999,direct-net
NFIA,FOXO3,12.7978271104551,direct-net
NFIA,RARB,12.7836036230382,direct-net
NFIA,THRB,13.1845308717239,direct-net
NFIA,GRHL2,13.3779537394592,direct-net
NFIA,TCF7L2,12.8022151549327,direct-net
NFIA,EHF,13.4010641881631,direct-net
NFIA,PRDM16,12.5389050020347,direct-net
NFIA,FOS,12.8022151549327,direct-net
NFIA,NFE2L2,12.8022151549327,direct-net
NFIA,BACH2,13.1845308717239,direct-net
NFIA,SMAD3,12.9103105968878,direct-net
NFIA,PBX1,12.7836036230382,direct-net
NFIA,CUX2,12.8960871094709,direct-net
NFIA,NFATC2,12.872976660767,direct-net
NFIA,SIX1,12.9865986366207,direct-net
NFIA,SIX4,12.9865986366207,direct-net
NFIA,TBX15,13.1845308717239,direct-net
NFIA,GLIS3,12.872976660767,direct-net
NFIA,NFIB,12.6608209382468,direct-net
NFIA,NFIA,13.3779537394592,direct-net
NFIA,RORB,12.7510607245548,direct-net
NFIA,LCOR,12.9062649849392,direct-net
NFIA,ZBTB20,12.7368372371379,direct-net
NFIA,ZEB1,12.7836036230382,direct-net
NFIA,HSF2,12.5345274081156,direct-net
NFIA,HIF1A,12.7604931743343,direct-net
PPARG,RUNX1,9.4039941979948,direct-net
PPARG,TCF7L2,11.1372965762783,direct-net
PPARG,PRDM16,9.35217374841138,direct-net
PPARG,TCF7L1,12.9071815211333,direct-net
PPARG,TEAD1,10.9960915942793,direct-net
PPARG,NFE2L2,9.37988671663019,direct-net
PPARG,BACH2,13.5398688083587,direct-net
PPARG,JUN,12.079431638214,direct-net
PPARG,ETS1,13.2723530079042,direct-net
PPARG,SMAD3,10.0047358547534,direct-net
PPARG,PBX1,12.0754894409689,direct-net
PPARG,CUX2,11.4152696805043,direct-net
PPARG,KMT2A,13.5769861557917,direct-net
PPARG,EPAS1,10.3317950521351,direct-net
PPARG,CUX1,9.8228764753145,direct-net
PPARG,NFIB,9.22992118554837,direct-net
PPARG,PPARG,11.6397249574082,direct-net
PPARG,RORB,9.79681291082563,direct-net
PPARG,ZEB1,13.0116967137314,direct-net
PPARG,HSF2,11.201967900176,direct-net
PPARG,BBX,12.7449259608295,direct-net
PPARG,ASCL1,13.8243108121004,direct-net
CREB1,ESR1,11.5853069686447,direct-net
CREB1,FOXO3,13.0178228767974,direct-net
CREB1,TEAD1,13.0178228767974,direct-net
CREB1,NFATC2,11.5853069686447,direct-net
CREB1,EPAS1,11.3758184061101,direct-net
CREB1,NFIX,11.3758184061101,direct-net
CREB1,LCOR,13.0178228767974,direct-net
CREB1,HIF1A,13.0178228767974,direct-net
NEUROG2,NPAS2,11.1545842320273,direct-net
NEUROG2,ESR1,10.8620260493368,direct-net
NEUROG2,TEAD1,12.8515758949235,direct-net
NEUROG2,CREB1,10.8453169348676,direct-net
NEUROG2,JUNB,10.8402526624238,direct-net
NEUROG2,SMAD3,14.4299003434025,direct-net
NEUROG2,LMX1B,10.8453169348676,direct-net
NEUROG2,NFIA,11.1545842320273,direct-net
NEUROG2,PPARG,10.8402526624238,direct-net
NEUROG2,LCOR,15.3476326117631,direct-net
CUX1,SP100,12.8762123078616,direct-net
CUX1,THRB,14.1613760727649,direct-net
CUX1,RUNX1,12.9438007950733,direct-net
CUX1,BACH2,12.7728124544216,direct-net
CUX1,SMAD3,13.8048750685353,direct-net
CUX1,PBX1,14.457936303023,direct-net
CUX1,NFIB,13.110019906159,direct-net
CUX1,HIF1A,12.7728124544216,direct-net
JUNB,STAT1,14.57647020504,direct-net
JUNB,SP100,12.6064205634974,direct-net
JUNB,FOXO3,12.0942368273815,direct-net
JUNB,GRHL2,15.2105709074498,direct-net
JUNB,RUNX1,12.5535693994995,direct-net
JUNB,EHF,16.3445740868057,direct-net
JUNB,TCF7L1,13.6904933937997,direct-net
JUNB,TEAD1,14.3691721526259,direct-net
JUNB,EGR1,15.7208881286868,direct-net
JUNB,NFE2L2,15.1724400518588,direct-net
JUNB,BACH2,15.0803402254516,direct-net
JUNB,JUNB,12.6064205634974,direct-net
JUNB,ETS1,14.1544860357777,direct-net
JUNB,PBX1,14.57647020504,direct-net
JUNB,CUX2,13.8290257851899,direct-net
JUNB,LMX1B,13.5320878855957,direct-net
JUNB,NFATC2,14.3691721526259,direct-net
JUNB,KMT2A,14.3708920372773,direct-net
JUNB,AHR,15.3767114244162,direct-net
JUNB,EPAS1,13.5203853333679,direct-net
JUNB,GLIS3,14.8681407260217,direct-net
JUNB,NFKB1,14.9024781689889,direct-net
JUNB,CUX1,15.2105709074498,direct-net
JUNB,NFIX,12.6064205634974,direct-net
JUNB,NFIB,12.083014139921,direct-net
JUNB,NFIA,14.0316167800224,direct-net
JUNB,PPARG,14.6980326655899,direct-net
JUNB,ASCL1,12.4233387175012,direct-net
JUNB,RORB,15.2170181082753,direct-net
JUNB,LCOR,14.7465782654718,direct-net
JUNB,TCF12,15.0317946255697,direct-net
JUNB,ZBTB20,15.3871261687071,direct-net
JUNB,HSF2,13.0312711832321,direct-net
JUNB,BBX,16.3445740868057,direct-net
JUNB,NPAS2,12.083014139921,direct-net
PKNOX2,SP100,7.51926881694234,direct-net
PKNOX2,ESR1,5.79373757507257,direct-net
PKNOX2,RARB,4.87800487420146,direct-net
PKNOX2,GRHL2,7.53022937795876,direct-net
PKNOX2,RUNX1,7.81293768021388,direct-net
PKNOX2,EHF,6.05754318904797,direct-net
PKNOX2,TEAD1,10.3241822008826,direct-net
PKNOX2,FOS,5.20781375306762,direct-net
PKNOX2,EGR1,14.9969774924631,direct-net
PKNOX2,NFE2L2,6.44959099228401,direct-net
PKNOX2,BACH2,9.4115416278438,direct-net
PKNOX2,JUN,7.95933656700593,direct-net
PKNOX2,JUNB,9.50257104899851,direct-net
PKNOX2,SMAD3,5.45632215673242,direct-net
PKNOX2,PBX1,12.1704665380858,direct-net
PKNOX2,PROX1,11.1746636216695,direct-net
PKNOX2,LMX1B,11.1746636216695,direct-net
PKNOX2,SIX1,12.1093718109715,direct-net
PKNOX2,SIX4,12.1093718109715,direct-net
PKNOX2,TBX15,4.97744765884771,direct-net
PKNOX2,KMT2A,8.59791377234732,direct-net
PKNOX2,GLIS3,4.84428744361813,direct-net
PKNOX2,NFKB1,8.08323452017834,direct-net
PKNOX2,CUX1,5.32424237389239,direct-net
PKNOX2,NFIB,8.35890488030335,direct-net
PKNOX2,ASCL1,7.0076519223394,direct-net
PKNOX2,TCF12,11.8868843291916,direct-net
PKNOX2,ZBTB20,8.23292816301746,direct-net
PKNOX2,PKNOX2,6.63432421538753,direct-net
PKNOX2,HIF1A,7.43288313329127,direct-net
TCF4,NPAS2,12.95218617053,direct-net
TCF4,STAT1,12.8800252856663,direct-net
TCF4,FOXO3,12.8204680385446,direct-net
TCF4,STAT2,13.2167155188731,direct-net
TCF4,GRHL2,13.4463895412191,direct-net
TCF4,RUNX1,13.0580489941974,direct-net
TCF4,EHF,13.0847766490595,direct-net
TCF4,TCF7L1,13.3439855656635,direct-net
TCF4,NFE2L2,13.1187596285125,direct-net
TCF4,BACH2,13.2371900926309,direct-net
TCF4,JUNB,13.1945845261787,direct-net
TCF4,ETS1,13.1945845261787,direct-net
TCF4,PBX1,12.8409426123024,direct-net
TCF4,CUX2,13.1392342022704,direct-net
TCF4,LMX1B,12.95218617053,direct-net
TCF4,NFATC2,12.8204680385446,direct-net
TCF4,SIX1,12.8204680385446,direct-net
TCF4,SIX4,12.8204680385446,direct-net
TCF4,MEIS2,13.7955833699004,direct-net
TCF4,BACH1,12.8283749718514,direct-net
TCF4,EPAS1,13.3751613057207,direct-net
TCF4,GLIS3,13.4463895412191,direct-net
TCF4,CUX1,13.3484336508585,direct-net
TCF4,NFIB,13.5863839213122,direct-net
TCF4,PPARG,13.381632557919,direct-net
TCF4,ASCL1,12.8156506385487,direct-net
TCF4,ZBTB20,13.6175596613693,direct-net
TCF4,BBX,12.8453906974974,direct-net
TCF4,PKNOX2,13.1392342022704,direct-net
FOXO3,SP100,11.7853924121576,direct-net
FOXO3,ESR1,15.013460871226,direct-net
FOXO3,FOXO3,14.4602211694956,direct-net
FOXO3,THRB,15.013460871226,direct-net
FOXO3,GRHL2,11.7853924121576,direct-net
FOXO3,EHF,11.7853924121576,direct-net
FOXO3,PRDM16,11.7853924121576,direct-net
FOXO3,FOS,14.4602211694956,direct-net
FOXO3,NFE2L2,15.013460871226,direct-net
FOXO3,JUN,15.013460871226,direct-net
FOXO3,JUNB,11.7853924121576,direct-net
FOXO3,SMAD3,14.4602211694956,direct-net
FOXO3,PBX1,11.7853924121576,direct-net
FOXO3,PROX1,11.7853924121576,direct-net
FOXO3,NFATC2,11.7853924121576,direct-net
FOXO3,MEIS2,14.4602211694956,direct-net
FOXO3,TBX15,14.4602211694956,direct-net
FOXO3,AHR,11.7853924121576,direct-net
FOXO3,EPAS1,15.013460871226,direct-net
FOXO3,GLIS3,11.7853924121576,direct-net
FOXO3,NFKB1,15.013460871226,direct-net
FOXO3,NFIB,15.013460871226,direct-net
FOXO3,RORB,14.4602211694956,direct-net
FOXO3,LCOR,11.7853924121576,direct-net
FOXO3,SOX6,15.013460871226,direct-net
FOXO3,TCF12,11.7853924121576,direct-net
PBX1,STAT2,11.711149847855,direct-net
PBX1,RUNX1,12.7779531740617,direct-net
PBX1,EHF,13.3536265655871,direct-net
PBX1,TEAD1,12.7497047957318,direct-net
PBX1,BACH2,13.2303728061598,direct-net
PBX1,SMAD3,12.7432298043148,direct-net
PBX1,PBX1,13.7730549953069,direct-net
PBX1,LMX1B,13.1588174610535,direct-net
PBX1,GLIS3,11.8298731273068,direct-net
PBX1,NFIB,16.6013295883429,direct-net
PBX1,PPARG,12.1090739786579,direct-net
PBX1,LCOR,14.2215753697182,direct-net
